,raw_snr,raw_mag,trans_snr,trans_mag,delta_snr,,,,,,,
15bpm1c40sps,69.142558834919,633.779431485369,90.2513592554149,1122.65097725127,21.1088004204959,$C = 1$,69.14dB &,633.78dB &,90.25dB &,1122.65dB &,21.11dB \\,
15bpm2c40sps,60.7748059176833,571.161668799079,94.6852634936597,1175.66542460889,33.9104575759764,$C = 2$,60.77dB &,571.16dB &,94.69dB &,1175.67dB &,33.91dB \\,
15bpm3c40sps,54.9129456340277,506.5496947942,88.5173735219015,940.275881523338,33.6044278878737,$C = 3$,54.91dB &,506.55dB &,88.52dB &,940.28dB &,33.60dB \\,\hline
30bpm1c40sps,32.4154565054599,117.92841123182,63.1710236762561,355.155846169584,30.7555671707962,$C = 1$,32.42dB &,117.93dB &,63.17dB &,355.16dB &,30.76dB \\,
30bpm2c40sps,25.8241769700508,108.049310932204,61.6375263185638,296.785994181515,35.813349348513,$C = 2$,25.82dB &,108.05dB &,61.64dB &,296.79dB &,35.81dB \\,
30bpm3c40sps,20.1697985624307,94.3135029935369,60.8134471744207,284.582481425773,40.6436486119899,$C = 3$,20.17dB &,94.31dB &,60.81dB &,284.58dB &,40.64dB \\,\hline
