,raw_snr,raw_mag,trans_snr,trans_mag,delta_snr,,,,,,,
15bpm1c40sps,55.0065932437905,308.844423215973,58.6784322511702,256.320369823791,3.67183900737969,$C = 1$,55.01dB &,308.84dB &,58.68dB &,256.32dB &,3.67dB &,\\
15bpm2c40sps,46.3376412121916,271.788035949528,64.7289851008536,290.821322023878,18.3913438886621,$C = 2$,46.34dB &,271.79dB &,64.73dB &,290.82dB &,18.39dB &,\\
15bpm3c40sps,41.374092189388,256.503137594522,66.5245600498333,293.384108451254,25.1504678604453,$C = 3$,41.37dB &,256.50dB &,66.52dB &,293.38dB &,25.15dB &,\\ \hline
30bpm1c40sps,56.1340398453415,384.088944564219,62.2439829121739,324.896210383384,6.10994306683242,$C = 1$,56.13dB &,384.09dB &,62.24dB &,324.90dB &,6.11dB &,\\
30bpm2c40sps,49.9598201699338,349.99905551382,61.7499161971259,311.833666266254,11.7900960271922,$C = 2$,49.96dB &,350.00dB &,61.75dB &,311.83dB &,11.79dB &,\\
30bpm3c40sps,44.0782804586892,306.602233482071,59.3278114941406,273.920362426879,15.2495310354514,$C = 3$,44.08dB &,306.60dB &,59.33dB &,273.92dB &,15.25dB &,\\ \hline
