,raw_snr,raw_mag,trans_snr,trans_mag,delta_snr
0,10.643593374364787,67.63945588624533,35.97878938876504,111.20816375728839,25.33519601440025
